team,games,win_rate,postseason_prob,postseason_pred
LG,24,0.667,0.9687496881527156,1
KT,25,0.68,0.8983100482093529,1
삼성,24,0.522,0.8345299832682659,1
SSG,24,0.625,0.7315525393701316,1
KIA,25,0.5,0.5519079927869264,1
한화,24,0.417,0.5137715325181921,1
NC,24,0.458,0.3000042091589216,0
키움,25,0.4,0.21301315790878522,0
두산,25,0.417,0.17064564539470392,0
롯데,24,0.304,0.03556020298654549,0
